Date,Monitor,Methylosmolene,Chlorodinine,AGOC-3A,Appluimonia
2016-04-01,3,31.3240434,35.3134101,34.5184837,26.370774
2016-04-01,7,15.19661333,16.3272525,19.1405202,17.8878609
2016-04-01,2,7.48328812,7.4370988,9.6522504,8.65562515
2016-04-01,8,10.09841556,11.2161062,9.2625084,11.3533812
2016-04-01,6,9.050482,9.9243,7.7671139,9.4618957
2016-04-01,1,7.1098859,6.7550991,5.0717635,4.70076357
2016-04-01,4,7.1230605,5.94357604,3.96170896,4.9679295
2016-04-01,9,6.2436131,5.9948247,24.1065779,6.4143831
2016-04-01,5,4.79642838,4.88781506,12.4636883,4.9959851
2016-04-02,3,26.869996,29.462471,42.961368,34.438765
2016-04-02,7,16.551579,17.00389,18.1945707,8.1147619
2016-04-02,2,8.3230774,7.8112736,7.4281747,8.3878014
2016-04-02,8,9.9076407,9.5407234,10.6087159,9.7842072
2016-04-02,6,178.460205,10.7694803,62.940845,8.9705629
2016-04-02,1,5.2637936,4.6395827,5.1474677,4.93201424
2016-04-02,4,5.5749817,5.1831807,5.49395988,4.3011702
2016-04-02,9,9.3394582,5.7137689,19.87212331,5.20386508
2016-04-02,5,4.5010251,5.5726354,32.651847,5.2385533
2016-04-03,3,40.030174,25.7768277,28.4378123,29.095187
2016-04-03,7,13.2925546,14.54176534,15.0254012,13.9874366
2016-04-03,2,10.3745839,10.106865,9.4036448,12.17893025
2016-04-03,8,10.1340418,11.46807853,9.1800536,12.3049496
2016-04-03,6,51.58462834,42.59581816,13.2879165,10.709611
2016-04-03,1,5.31136538,5.1889276,5.2565903,4.34811723
2016-04-03,4,6.1817721,4.8569928,5.04915023,4.16394321
2016-04-03,9,7.00001704,6.6279908,6.6176318,5.93635125
2016-04-03,5,5.35972765,5.45550779,5.72115706,4.64491464
2016-04-04,3,26.9623871,37.523994,27.683338,33.2884273
2016-04-04,7,12.34542141,16.2265203,11.019198,14.1264847
2016-04-04,2,6.5074762,10.11643812,8.2697146,10.63492688
2016-04-04,8,10.84727131,15.6467099,10.969117,10.8647731
2016-04-04,6,8.72936192,81.9816103,9.0690472,9.4295318
2016-04-04,1,6.1350395,5.12092303,6.0418659,5.199534
2016-04-04,4,6.2524916,5.39251358,4.77504399,6.40848828
2016-04-04,9,6.2409814,4.0889462,5.9861992,5.505941
2016-04-04,5,5.5938865,4.5469626,5.1250774,6.5086454
2016-04-05,3,32.556554,33.169943,30.2164765,34.877584
2016-04-05,7,23.1036364,8.5744559,14.0252712,18.2127452
2016-04-05,2,8.4715565,8.322434,10.0060468,7.2716823
2016-04-05,8,10.3207487,8.05568142,9.8247361,10.5794502
2016-04-05,6,10.669299,11.085926,9.5864057,10.2814543
2016-04-05,1,4.12806566,5.2819967,6.1135737,5.50249349
2016-04-05,4,6.0328022,5.87111882,6.3898273,5.20615902
2016-04-05,9,5.16957802,6.9749655,4.871445,5.73296837
2016-04-05,5,6.4907115,6.148907,6.6510467,4.67076097
2016-04-06,3,23.7468061,27.9725989,33.7355671,31.097877
2016-04-06,7,14.6918247,10.4702075,10.9334341,14.9803287
2016-04-06,2,7.3583441,9.3526965,8.7729678,5.79037285
2016-04-06,8,12.3856693,7.2931143,11.8516217,12.6583704
2016-04-06,6,9.1546584,14.8553478,179.7066199,10.27438468
2016-04-06,1,5.5427814,4.64047835,5.476025,5.0472726
2016-04-06,4,5.0618458,4.331237,4.5898534,5.232149
2016-04-06,9,6.6049611,7.7125616,25.0452818,5.874308
2016-04-06,5,4.67450362,9.2722762,72.5220203,5.33859314
2016-04-07,3,44.0078755,37.1060093,43.4556085,36.247602
2016-04-07,7,14.71269853,15.5140487,13.6140719,17.3679661
2016-04-07,2,9.00132291,7.4213415,7.8254298,9.4462989
2016-04-07,8,9.57427117,10.1632663,12.0265167,13.518425
2016-04-07,6,9.09062,9.3186665,9.0618317,9.727864
2016-04-07,1,6.14379368,5.917358,5.12063599,5.55600799
2016-04-07,4,75.0688823,21.67440012,13.3852549,5.08995588
2016-04-07,9,6.2376738,4.66140689,4.54286393,18.5233016
2016-04-07,5,7.8441877,5.52870053,31.6451167,8.47299395
2016-04-08,3,46.967985,27.8587617,31.6937339,22.137322
2016-04-08,7,17.412731,16.2567119,12.4942841,12.4282273
2016-04-08,2,8.1878482,8.0616481,7.4872544,7.00336664
2016-04-08,8,11.67294455,11.5319528,8.84926699,10.29186005
2016-04-08,6,9.524722,9.369841,9.3065557,8.9043277
2016-04-08,1,5.86933817,6.70987763,6.68512143,4.99396515
2016-04-08,4,9.8668138,7.1104695,6.5885427,6.2313702
2016-04-08,9,4.4381225,7.31895975,35.3582799,6.0844445
2016-04-08,5,5.9923117,17.3126719,78.898182,4.3868941
2016-04-09,3,30.989849,27.085247,25.014253,28.043498
2016-04-09,7,15.4196478,15.0504861,17.733421,12.2800797
2016-04-09,2,6.65955476,7.34035561,8.93907617,7.10814186
2016-04-09,8,12.5338615,11.42621004,15.0356122,11.16813114
2016-04-09,6,109.6816849,30.4784409,19.428892,10.089405
2016-04-09,1,6.898445,5.727293,5.80452776,5.5236496
2016-04-09,4,6.1296584,4.550727,6.03277814,6.06424974
2016-04-09,9,6.47273061,6.0531227,5.32033045,4.6432322
2016-04-09,5,6.918774,5.66621918,5.7698653,7.1443059
2016-04-10,3,27.179005,30.3317996,42.5961998,31.0590808
2016-04-10,7,21.47182646,9.50529729,15.4722744,12.8773996
2016-04-10,2,8.04450047,9.34298445,7.9246497,6.4148827
2016-04-10,8,10.5923211,11.2919002,14.6647352,10.248284
2016-04-10,6,7.3444674,21.7529933,6.8939052,11.406452
2016-04-10,1,5.98615,5.9127218,5.31868714,6.2194465
2016-04-10,4,6.2415482,5.9177694,5.9094921,5.9794382
2016-04-10,9,7.16064,5.3173407,6.71474622,5.5426144
2016-04-10,5,6.4881379,5.38283801,4.6441243,4.68567027
2016-04-11,3,27.5511458,25.971684,26.52454528,28.5856138
2016-04-11,7,12.8538513,15.73621,14.467353,15.8180954
2016-04-11,2,8.6308839,8.4701372,7.3269587,7.9568975
2016-04-11,8,10.21000271,10.937108,12.1949831,10.1423472
2016-04-11,6,35.5304287,11.219316,11.75688132,11.2179887
2016-04-11,1,6.3990553,5.72104188,4.89888271,4.61139848
2016-04-11,4,5.8112568,12.549393,7.52775361,5.4846673
2016-04-11,9,48.2646498,4.8531247,9.6466539,9.09361582
2016-04-11,5,6.084639,6.3545634,26.8151488,6.66822083
2016-04-12,3,23.485127,32.3727246,28.16507,28.4247933
2016-04-12,7,11.3829304,13.761239,21.849398,13.824023
2016-04-12,2,8.81339,6.4599507,5.5465837,9.8866914
2016-04-12,8,11.4599042,9.43450705,12.232182,9.975781
2016-04-12,6,9.3598966,9.0542694,29.437705,10.4909563
2016-04-12,1,4.15204491,3.93482085,5.7287981,5.8543581
2016-04-12,4,22.3567275,13.7955534,32.146031,7.546489
2016-04-12,9,5.98558867,7.2761414,5.95715548,8.7241331
2016-04-12,5,7.0277229,7.91213864,11.98687435,6.1409945
2016-04-13,3,26.5284741,19.0508014,31.356777,20.7978188
2016-04-13,7,16.1802476,15.306072,17.620271,14.413025
2016-04-13,2,7.17353024,7.8722183,10.00531172,9.3592983
2016-04-13,8,14.0241139,9.2306969,14.499664,13.2791521
2016-04-13,6,9.59094552,17.931712,8.5451857,10.7284911
2016-04-13,1,5.68972852,6.3923053,5.3138357,5.35255075
2016-04-13,4,6.7934717,7.17468391,5.2239409,7.12841828
2016-04-13,9,4.1699473,4.71342143,5.8358529,6.09672654
2016-04-13,5,5.67871137,6.247785,7.97076379,6.0373034
2016-04-14,3,31.153103,37.399749,30.7964262,26.193207
2016-04-14,7,62.8764927,10.2893736,45.9513045,10.5509662
2016-04-14,2,8.8915714,7.8283767,9.0784169,7.5142856
2016-04-14,8,10.4842305,21.3420628,12.3126719,12.2050129
2016-04-14,6,8.796324,9.970013,9.5345082,8.7665318
2016-04-14,1,6.3245224,6.0859064,4.96255528,5.63954592
2016-04-14,4,5.58172028,7.1896045,5.9325589,7.6316936
2016-04-14,9,5.4150137,6.415505,5.6019169,5.44983438
2016-04-14,5,6.4130027,6.1522715,5.04374027,6.3713502
2016-04-15,3,28.233601,36.578961,24.9457624,30.591333
2016-04-15,7,82.4123356,14.6050225,77.987462,17.4045669
2016-04-15,2,10.7484331,9.2705654,7.22368667,9.6781354
2016-04-15,8,40.7971228,13.365698,211.1680176,11.6437703
2016-04-15,6,10.43065,9.60147286,181.8347965,8.666971
2016-04-15,1,5.9200871,6.42522935,5.9477657,5.19714927
2016-04-15,4,7.55523113,7.5081931,7.75275189,7.6838131
2016-04-15,9,5.7466031,8.3803812,4.8492353,5.8483308
2016-04-15,5,7.1382944,4.28421079,6.2703317,7.0033841
2016-04-16,3,34.88980045,26.965544,28.21655,30.865122
2016-04-16,7,16.06299917,16.0527506,72.94316004,17.2889512
2016-04-16,2,8.1329599,7.3808843,8.20455288,8.90393381
2016-04-16,8,9.5319688,13.9383325,30.7051146,14.4779312
2016-04-16,6,11.3329178,11.9382661,67.2865238,13.889805
2016-04-16,1,4.95485504,12.7067116,5.5596661,7.02803229
2016-04-16,4,8.7000112,7.9853161,6.84681187,7.14494356
2016-04-16,9,6.0397992,4.87250793,4.4790174,5.86901527
2016-04-16,5,6.2353043,5.8915462,7.3999119,5.64416243
2016-04-17,3,47.3515565,33.4947997,67.5722233,34.24986
2016-04-17,7,16.9894715,10.95827943,18.770899,21.0847204
2016-04-17,2,31.1355923,7.70356899,10.5502735,7.93956509
2016-04-17,8,12.52849191,10.41519966,9.78485598,13.5513155
2016-04-17,6,8.1181178,10.6194385,77.9466691,14.00549424
2016-04-17,1,4.07698166,5.51687395,4.49993367,5.28524707
2016-04-17,4,8.04507,12.03896339,32.7604925,8.87210884
2016-04-17,9,5.97124005,6.9877459,6.1548672,9.0856936
2016-04-17,5,5.40454137,6.0855727,10.6631588,7.4783784
2016-04-18,3,29.715731,31.763011,24.0032498,29.954738
2016-04-18,7,19.6262862,17.2329713,12.59370895,12.2401973
2016-04-18,2,8.6805806,6.4468472,7.5248737,8.3147126
2016-04-18,8,10.41246469,9.4927678,9.22784079,11.06384552
2016-04-18,6,8.8937254,10.2505161,8.9582525,10.36781
2016-04-18,1,6.0804209,6.9163979,6.67200964,5.7079492
2016-04-18,4,8.562855,6.7496672,7.761435,8.1638848
2016-04-18,9,6.44540656,6.16421414,5.45791,5.5906858
2016-04-18,5,6.6032764,4.894339,6.3355143,6.45667767
2016-04-19,3,26.35779021,28.2081156,34.5231073,29.797066
2016-04-19,7,92.93644,25.149617,60.70862151,13.4563204
2016-04-19,2,7.16490865,10.3191162,10.0247304,6.48312895
2016-04-19,8,14.2722412,12.31971595,9.92506674,14.1777009
2016-04-19,6,10.602278,9.4943299,9.4780445,7.935623
2016-04-19,1,5.2636578,7.18858987,5.09962056,4.4812545
2016-04-19,4,7.84521442,6.35591931,7.8265871,8.601864
2016-04-19,9,5.0241224,4.7470005,5.97857736,5.438631
2016-04-19,5,6.0540409,6.55272081,6.0163434,5.39492749
2016-04-20,3,26.205998,33.318971,27.275459,33.644643
2016-04-20,7,17.5368536,13.1683897,12.4680173,17.8328937
2016-04-20,2,8.21815901,10.0756526,7.6169545,9.2323234
2016-04-20,8,10.9434694,11.705734,10.94221601,12.18567576
2016-04-20,6,9.3310192,9.4826099,9.0359163,10.749677
2016-04-20,1,4.37821029,7.05759061,4.81170248,5.9924427
2016-04-20,4,7.5113339,7.8107858,8.1875763,5.96427024
2016-04-20,9,5.9273032,6.0365444,5.4968209,5.5883885
2016-04-20,5,5.4302467,5.130795,4.10152201,5.9379591
2016-04-21,3,36.8071635,25.453059,36.450783,35.0942117
2016-04-21,7,12.945612,12.8365786,12.5111222,15.6707924
2016-04-21,2,8.7441329,10.48184798,10.90564441,7.5357478
2016-04-21,8,10.22678546,11.2144281,8.73828891,10.9346764
2016-04-21,6,40.4669973,15.310626,129.605024,10.048953
2016-04-21,1,5.7794999,4.74496482,5.6748923,5.3641659
2016-04-21,4,8.4641373,7.9528311,7.0798605,6.9601709
2016-04-21,9,4.4128087,8.9826052,64.52390461,5.9761385
2016-04-21,5,5.0890684,23.8219635,34.72555926,7.33985323
2016-04-22,3,31.9835349,32.407661,29.006194,41.0846241
2016-04-22,7,18.1408123,13.003625,9.93557301,12.8233287
2016-04-22,2,10.507239,7.24634808,9.5630573,7.9443952
2016-04-22,8,12.5051477,12.41517576,13.2864624,13.393644
2016-04-22,6,25.2399466,15.2248279,10.5011252,9.431503
2016-04-22,1,4.6622382,5.7687642,6.0782116,4.8199718
2016-04-22,4,6.751253,14.23463067,53.6641991,7.1460263
2016-04-22,9,4.64044957,6.5154817,70.5551625,10.3308616
2016-04-22,5,5.1212717,10.0447723,27.01728645,6.69165344
2016-04-23,3,34.699376,18.848866,42.67110309,28.2668593
2016-04-23,7,10.3813803,13.2703382,11.0365735,17.5682332
2016-04-23,2,8.1539462,9.9211033,9.10313991,8.4258386
2016-04-23,8,12.613168,11.92639992,10.104654,12.88873367
2016-04-23,6,16.6811809,11.1692164,10.7454039,8.8565983
2016-04-23,1,5.6233724,6.53291586,6.3404691,5.76664211
2016-04-23,4,8.2473301,8.3797277,7.32480188,7.9984101
2016-04-23,9,6.0444046,4.60256579,6.5192305,5.6893788
2016-04-23,5,7.1294317,5.30653692,5.79453563,4.85709433
2016-04-24,3,25.86886427,27.3389203,30.6378183,30.531871
2016-04-24,7,11.5302198,15.3948989,11.2736076,13.3167477
2016-04-24,2,6.90674381,7.8912731,9.0327465,9.2494461
2016-04-24,8,13.8823357,11.5222748,9.6399736,9.31393242
2016-04-24,6,10.0345491,9.5021922,10.231674,8.9376189
2016-04-24,1,5.4979645,5.80474664,6.4599086,4.90996346
2016-04-24,4,9.301032,8.6010408,7.727846,8.3698943
2016-04-24,9,5.5357542,5.8027804,5.2198907,7.4729074
2016-04-24,5,5.3844211,6.36371666,5.4223551,5.4228355
2016-04-25,3,33.7380162,28.390794,30.1842346,30.6089222
2016-04-25,7,13.54167379,12.970296,11.7652074,9.5221538
2016-04-25,2,9.0217368,8.4281189,7.04650742,9.2508168
2016-04-25,8,10.8484629,10.0956938,12.619372,11.82937947
2016-04-25,6,124.9301648,41.888267,31.826458,9.9458461
2016-04-25,1,5.47185087,6.3867083,5.81446656,6.4091288
2016-04-25,4,9.793824,8.6298562,6.675937,7.3344407
2016-04-25,9,6.2317651,3.79939949,4.7184558,4.89292992
2016-04-25,5,4.6409863,6.1105688,3.89183623,7.24736533
2016-04-26,3,28.242891,22.236009,26.8793936,30.0174477
2016-04-26,7,13.2095351,20.84032742,19.0704033,14.5850284
2016-04-26,2,9.0985987,8.9566101,6.5487921,9.00731835
2016-04-26,8,8.475289,27.24345638,10.91325986,10.92599425
2016-04-26,6,10.1978784,24.2598588,9.4286192,15.2224241
2016-04-26,1,6.1060119,6.2485412,5.360705,7.8588597
2016-04-26,4,8.2509586,9.6329406,8.2812212,7.6437301
2016-04-26,9,5.73672768,6.0338104,5.4667646,5.18627441
2016-04-26,5,6.97702202,5.62439124,5.7825695,5.8392035
2016-04-27,3,30.9302984,28.0891647,32.554481,28.0528594
2016-04-27,7,10.833179,16.8038641,15.3234709,14.197091
2016-04-27,2,8.821141,9.9234684,8.89397297,10.5784057
2016-04-27,8,10.6057191,11.2835265,9.67730292,11.8728165
2016-04-27,6,10.8369582,38.6715251,10.2930551,10.0970598
2016-04-27,1,6.6429213,5.0278356,6.3709323,6.58643042
2016-04-27,4,9.3196222,8.3918176,9.1700429,8.1474925
2016-04-27,9,5.77441998,6.68313752,6.7492208,5.39610216
2016-04-27,5,5.8574455,6.5858177,5.46970827,6.36372115
2016-04-28,3,32.5269097,31.887116,29.989362,22.3858288
2016-04-28,7,13.1503013,13.3056364,15.698219,11.2749496
2016-04-28,2,9.4539677,7.38675486,10.6245379,8.8723837
2016-04-28,8,10.99615303,9.3770654,9.0828115,7.1577129
2016-04-28,6,9.272652,15.3411796,11.594362,8.3635556
2016-04-28,1,5.1659922,6.0995533,4.14557246,5.27187788
2016-04-28,4,9.5585116,10.319901,9.193239,9.4646845
2016-04-28,9,5.82968307,5.43637202,5.24913917,5.18867445
2016-04-28,5,5.3018394,7.22515969,6.3468821,5.7482851
2016-04-29,3,40.57449,34.905837,33.567301,23.32966481
2016-04-29,7,15.4248022,12.111922,16.5263167,17.7172868
2016-04-29,2,11.0341542,8.5251673,9.5746059,7.6459921
2016-04-29,8,10.166948,13.29440937,12.34364754,12.08840839
2016-04-29,6,9.42607158,13.0397094,9.820354,19.1561831
2016-04-29,1,4.34591254,6.5556095,5.35217911,5.7288535
2016-04-29,4,8.8203168,7.5028814,8.29710992,8.4960457
2016-04-29,9,6.25482839,6.8467162,6.7483345,4.64913535
2016-04-29,5,5.52212412,6.8785576,6.88712789,6.1709309
2016-04-30,3,33.5525616,37.585718,28.2261743,27.639471
2016-04-30,7,14.6334403,19.5087176,9.4004579,12.5523745
2016-04-30,2,9.9194363,8.9675906,8.2458399,9.1241198
2016-04-30,8,9.555451,11.5020347,8.69405414,11.17977813
2016-04-30,6,10.9736935,8.4196932,10.1083586,8.05029859
2016-04-30,1,6.10407563,4.64357159,6.5309831,5.7325537
2016-04-30,4,8.2440141,11.458773,10.5113172,8.9899868
2016-04-30,9,5.5186216,5.827871,4.0117644,5.0102843
2016-04-30,5,5.7734082,6.5910177,4.79839918,7.0472336
2016-08-01,3,129.39351,34.986657,170.3461888,32.767666
2016-08-01,7,10.5730162,12.1820436,21.723409,8.95473756
2016-08-01,2,6.5654204,10.31224,102.7106912,7.78247799
2016-08-01,8,15.009205,11.9148979,11.072296,8.65642234
2016-08-01,6,9.1423541,9.1521545,8.43837539,10.9830494
2016-08-01,1,5.6141685,4.3783681,6.18839367,6.600706
2016-08-01,4,24.99062,27.283073,28.296054,30.062106
2016-08-01,9,4.77157376,5.7679162,6.6663815,6.2871704
2016-08-01,5,8.9688223,9.3845426,21.2337501,23.3952329
2016-08-02,3,72.274252,43.509721,57.619368,30.167356
2016-08-02,7,11.0377402,12.3725268,15.6062672,9.3753936
2016-08-02,2,67.29406965,25.74476,16.8807765,8.974197
2016-08-02,8,10.948236,8.3158115,10.606418,14.9865455
2016-08-02,6,8.76695521,8.7203127,11.583409,21.0615925
2016-08-02,1,5.9953513,16.7693404,17.3229085,8.20988441
2016-08-02,4,23.299419,22.933956,27.445212,26.455286
2016-08-02,9,5.30879641,5.7002878,7.4430364,4.18568812
2016-08-02,5,6.9499135,7.0854789,23.9762737,12.5573317
2016-08-03,3,28.4910179,36.182391,31.39876,41.506675
2016-08-03,7,16.596593,16.9413463,12.7297381,14.190607
2016-08-03,2,8.96978517,11.7959089,8.91179747,7.49810398
2016-08-03,8,11.2424038,12.8544029,9.9093617,13.4684073
2016-08-03,6,10.4534656,11.0460652,12.5890117,10.6038027
2016-08-03,1,6.1174883,6.71610459,6.4901051,7.1420847
2016-08-03,4,26.839343,32.534009,62.74401,24.518434
2016-08-03,9,6.61717192,6.2020745,10.8790771,10.9317748
2016-08-03,5,26.0199465,13.3088217,23.4363096,7.72887103
2016-08-04,3,27.3899614,33.4125974,27.966779,30.880788
2016-08-04,7,10.8274168,11.4575288,15.7001145,16.786594
2016-08-04,2,8.4111533,9.4270286,8.5051826,6.55934719
2016-08-04,8,9.40570607,9.4320861,9.3276513,10.00477893
2016-08-04,6,10.1963002,8.79489755,11.477542,7.9709252
2016-08-04,1,5.3858525,4.8638198,6.0084165,4.504257
2016-08-04,4,23.310796,23.681346,25.026286,23.029999
2016-08-04,9,6.27821675,6.2634971,7.70491319,5.3650402
2016-08-04,5,7.4450721,9.6162319,12.16708617,9.8505625
2016-08-05,3,30.521608,32.4316125,21.2613734,32.241875
2016-08-05,7,14.6216115,14.3592293,14.2402088,20.7174962
2016-08-05,2,9.2974712,7.0197849,7.1839436,8.691855
2016-08-05,8,11.11139369,13.02133733,10.77878361,15.608332
2016-08-05,6,9.8215464,8.396665,9.4482317,8.9217649
2016-08-05,1,5.6919325,5.1759497,6.0132217,4.9164387
2016-08-05,4,23.985652,23.762689,24.079672,22.057427
2016-08-05,9,6.7352595,5.78062874,13.3115211,6.0196008
2016-08-05,5,35.92190193,11.09089713,18.7831844,10.9388588
2016-08-06,3,29.345062,31.5677941,23.312343,32.040489
2016-08-06,7,16.8277268,12.9242396,12.7035377,12.32589947
2016-08-06,2,8.54051823,7.2232502,9.0141399,9.47036172
2016-08-06,8,11.1140694,13.532302,10.3975545,13.1020125
2016-08-06,6,9.5646791,17.0868798,71.6732996,9.7095707
2016-08-06,1,5.5393125,6.8981423,6.34980845,7.1116678
2016-08-06,4,24.547892,23.385944,23.920129,23.193087
2016-08-06,9,4.21923114,5.2524741,30.6111435,5.42173654
2016-08-06,5,10.219554,14.5060354,58.5740433,7.7625245
2016-08-07,3,25.855204,35.2385992,31.693615,40.47377301
2016-08-07,7,16.7313997,14.5898029,13.91383465,11.27834579
2016-08-07,2,7.2106455,8.05985469,8.7863468,6.42409969
2016-08-07,8,12.0876809,9.1110713,10.0134051,11.9837401
2016-08-07,6,10.1750091,12.6073845,8.0617666,8.6012975
2016-08-07,1,6.28695051,6.2588161,6.00840775,3.61720853
2016-08-07,4,23.106739,22.350054,24.258973,24.145803
2016-08-07,9,5.4665715,5.49057256,7.0564323,3.9895265
2016-08-07,5,8.59756481,9.14188756,8.0904052,9.0964319
2016-08-08,3,30.130011,29.669631,21.567194,30.186685
2016-08-08,7,16.4234174,13.1695172,18.633998,14.4711451
2016-08-08,2,8.6789975,9.20812362,7.61354917,8.014418
2016-08-08,8,12.1413653,10.4513286,13.9552347,12.1546163
2016-08-08,6,6.558101,49.742822,125.8262163,8.7435103
2016-08-08,1,4.9873723,5.86484136,5.30403926,5.1801766
2016-08-08,4,25.102601,25.059225,24.511537,25.502352
2016-08-08,9,5.6333809,4.1008829,5.5400304,6.7487279
2016-08-08,5,8.8839377,7.7227183,7.78673204,9.8488492
2016-08-09,3,32.343221,23.199676,24.403757,24.045621
2016-08-09,7,14.9091969,21.1055498,11.2514154,18.0364341
2016-08-09,2,8.2375132,7.8303613,10.1637473,9.9644934
2016-08-09,8,12.3554148,7.3249616,11.8064445,11.26016
2016-08-09,6,7.9567778,21.0923905,94.2170283,10.0644223
2016-08-09,1,6.9453024,5.58903839,6.35592282,5.67175205
2016-08-09,4,25.719036,24.061619,24.998515,26.806828
2016-08-09,9,7.0849058,7.621925,5.8867008,5.6890303
2016-08-09,5,8.96794108,10.5037595,8.858482,9.892933
2016-08-10,3,27.2542202,28.998157,31.5535369,30.64684918
2016-08-10,7,14.11667356,14.611192,15.5922529,17.17738391
2016-08-10,2,8.0809785,7.6818669,7.3537732,9.20345516
2016-08-10,8,8.2677737,9.6937544,12.5783604,9.4124185
2016-08-10,6,8.3514248,9.4807578,10.11671,8.704166
2016-08-10,1,6.5125262,5.1860151,5.7393406,4.41417075
2016-08-10,4,52.697122,42.809897,90.616375,26.41819
2016-08-10,9,6.0886736,7.69457705,11.6175675,17.412179
2016-08-10,5,80.78728195,12.0970646,29.9305018,11.84051
2016-08-11,3,31.945888,24.935013,28.2120368,34.989921
2016-08-11,7,16.596348,15.1083542,9.13332922,13.9046452
2016-08-11,2,9.884721,9.811345,9.7553641,7.0419588
2016-08-11,8,11.2709276,12.352935,10.99455419,11.8960846
2016-08-11,6,9.96876312,23.1909006,143.8817364,9.10654548
2016-08-11,1,4.15507405,5.6983796,5.4774949,5.3235294
2016-08-11,4,25.712593,25.903293,25.315915,24.80123
2016-08-11,9,5.4856254,6.1874433,25.1676328,5.8454249
2016-08-11,5,6.7819347,10.81344489,58.36558932,9.8183421
2016-08-12,3,28.5559,26.7890551,30.464291,37.176299
2016-08-12,7,13.69497811,18.339154,13.7416016,14.0484727
2016-08-12,2,7.3836271,10.3215694,7.3686628,7.51903287
2016-08-12,8,7.8064777,9.86524476,10.7248974,12.2682026
2016-08-12,6,9.2768206,24.257267,35.8442514,9.9109768
2016-08-12,1,5.0388464,6.66976428,5.8169279,4.5401764
2016-08-12,4,24.789495,27.902649,24.247426,26.523643
2016-08-12,9,4.54129875,6.4935125,24.70765103,8.93184458
2016-08-12,5,31.4232751,30.30387399,197.4986514,8.7017207
2016-08-13,3,48.243771,40.00697,481.183631,31.2170769
2016-08-13,7,19.2161343,10.4068312,18.964104,18.7379759
2016-08-13,2,8.2747484,8.1993035,8.6077138,9.5055602
2016-08-13,8,12.0038131,11.7741975,13.9844133,11.3020129
2016-08-13,6,10.37791,14.4774477,10.0284944,10.221994
2016-08-13,1,5.2829135,6.4430309,4.9264402,6.72645556
2016-08-13,4,25.575475,28.393064,25.274129,24.569264
2016-08-13,9,6.0603944,5.6603823,6.8192787,7.3024783
2016-08-13,5,6.6071619,7.67283308,15.85133656,35.66245009
2016-08-14,3,56.5014839,28.9230869,32.686818,30.437061
2016-08-14,7,18.6790987,13.5400529,10.8572591,13.294761
2016-08-14,2,6.2247759,7.95070582,8.36909394,10.389426
2016-08-14,8,9.0822699,8.9917133,12.1416697,14.1466915
2016-08-14,6,8.758485,12.3508897,57.40582255,9.865145
2016-08-14,1,5.07355248,5.8709061,4.7722939,6.4279158
2016-08-14,4,22.837994,28.625494,40.283683,24.87955
2016-08-14,9,3.93399496,7.36526616,21.0943254,8.2550757
2016-08-14,5,8.96896982,11.9921823,35.5762476,10.4383398
2016-08-15,3,31.1886558,36.8618152,36.051449,26.822903
2016-08-15,7,12.973098,11.6160544,13.607466,17.251605
2016-08-15,2,8.9539344,5.42757912,7.8820486,9.33799209
2016-08-15,8,11.6485244,11.3687895,11.293232,10.2405954
2016-08-15,6,9.9659522,21.7688875,10.5457476,10.5631912
2016-08-15,1,5.0833662,4.7316063,6.1643879,5.21459192
2016-08-15,4,25.466862,26.646534,26.762893,25.748616
2016-08-15,9,5.5266585,7.1480409,6.0122859,6.44446087
2016-08-15,5,10.6391354,7.9304158,10.1806292,8.2019918
2016-08-16,3,44.270654,27.377557,22.411782,29.1678503
2016-08-16,7,15.66171936,16.0989132,14.2565276,10.1618971
2016-08-16,2,9.6758043,7.14468286,8.0197872,8.14158767
2016-08-16,8,10.65459332,11.235131,10.4803765,10.8662641
2016-08-16,6,51.6220762,9.6683287,13.93098557,10.1006781
2016-08-16,1,6.352459,6.572093,5.0554611,7.6157576
2016-08-16,4,24.007673,34.736152,105.895206,26.83673
2016-08-16,9,5.9098078,5.19975053,4.812983,15.7165687
2016-08-16,5,41.4014816,22.7150661,47.9614291,9.4296322
2016-08-17,3,41.0975869,29.52440789,34.582895,32.109828
2016-08-17,7,13.0780104,12.0934533,13.6409244,11.45180892
2016-08-17,2,9.3942478,9.9061189,6.7296793,9.9194957
2016-08-17,8,10.2860744,12.6736832,11.6314496,11.0764442
2016-08-17,6,7.2333666,18.4632058,42.59300085,8.8449253
2016-08-17,1,5.5423024,6.3280891,5.64021412,6.6161397
2016-08-17,4,27.067259,28.258167,52.986141,24.913706
2016-08-17,9,5.0459952,5.9477486,8.9099932,8.0269731
2016-08-17,5,7.98211724,9.1299011,30.2884177,14.0988723
2016-08-18,3,37.3970311,32.624437,39.07319003,28.9351266
2016-08-18,7,11.9532895,15.8317505,17.7891508,11.74986045
2016-08-18,2,6.69965527,11.3283555,9.7722662,10.0118183
2016-08-18,8,12.65581458,10.29819865,10.8315142,8.7276764
2016-08-18,6,30.88152753,18.07068141,74.9436326,9.6670589
2016-08-18,1,4.4148757,6.0658345,3.764922,5.4710509
2016-08-18,4,25.812936,24.149214,24.887256,28.053339
2016-08-18,9,5.5302821,5.6145995,41.07126983,6.005114
2016-08-18,5,8.5788567,13.8857905,68.235534,9.141714
2016-08-19,3,35.11564,22.59756,25.6332691,40.150296
2016-08-19,7,13.0441821,15.2624564,19.4572989,10.9089378
2016-08-19,2,9.2312949,8.36584302,7.99647374,8.09186002
2016-08-19,8,10.5567727,11.3313418,13.4321126,10.61047634
2016-08-19,6,9.502445,13.3961169,9.6969835,9.401394
2016-08-19,1,5.4906351,5.9468123,5.3242319,5.1298775
2016-08-19,4,26.884057,26.777046,26.611843,25.807928
2016-08-19,9,6.5490751,4.17935714,6.14637344,6.1626824
2016-08-19,5,10.4498483,8.8545823,8.93132394,9.907911
2016-08-20,3,22.49609117,38.70784,89.962677,32.193717
2016-08-20,7,22.7959373,12.97329891,15.632695,13.34532144
2016-08-20,2,51.0309498,16.8268326,29.8372559,8.26311866
2016-08-20,8,11.3582907,10.2420608,10.0513382,13.1756322
2016-08-20,6,9.8270603,9.9856714,10.9796284,12.91564324
2016-08-20,1,5.3715567,3.5839705,5.7233286,8.3716552
2016-08-20,4,27.141862,26.879537,34.285577,27.784259
2016-08-20,9,5.23938891,5.34719265,4.691551,5.6342446
2016-08-20,5,9.4571987,10.41775511,18.3822749,12.5197213
2016-08-21,3,28.837122,25.451742,32.8130984,30.47021
2016-08-21,7,13.25106194,14.391262,10.00953672,13.9445819
2016-08-21,2,8.7763543,7.1198807,7.8308313,7.799183
2016-08-21,8,11.52513049,12.7625724,9.5575298,10.713284
2016-08-21,6,9.106607,9.8724882,10.941403,8.8789189
2016-08-21,1,5.16444489,4.43791167,5.20705231,4.7489645
2016-08-21,4,18.330252,47.266938,174.747817,27.055685
2016-08-21,9,5.1815568,4.8855604,5.7094341,19.3963959
2016-08-21,5,10.0330452,8.77951573,26.834311,10.41883316
2016-08-22,3,30.780823,26.241533,29.055409,30.4350057
2016-08-22,7,8.3712787,15.82546895,13.15947592,15.50637866
2016-08-22,2,11.4536271,10.301614,9.20387156,7.89305702
2016-08-22,8,10.14510823,10.577209,10.8944502,9.64804645
2016-08-22,6,9.5826783,26.480518,32.8744185,8.2972804
2016-08-22,1,5.3370759,5.7436124,5.4426221,4.54359434
2016-08-22,4,25.046566,27.82512,26.572728,26.726631
2016-08-22,9,5.2269817,6.13553726,12.0208226,7.10289253
2016-08-22,5,11.4739849,9.2630991,23.9694577,9.9499122
2016-08-23,3,34.676917,29.335334,35.8074808,27.242829
2016-08-23,7,16.6650144,14.3444912,13.61918506,12.8887548
2016-08-23,2,11.3026827,8.90447286,7.5127746,7.6847951
2016-08-23,8,11.2462165,10.4969364,9.2881027,11.83043231
2016-08-23,6,10.0410706,13.1488191,84.98594429,10.295109
2016-08-23,1,5.81820342,5.94788546,5.1725719,5.9461234
2016-08-23,4,27.92339,28.379618,28.000455,27.121722
2016-08-23,9,7.2903884,11.470582,10.6249747,11.61262498
2016-08-23,5,12.0011996,10.4348778,11.325734,10.69160287
2016-08-24,3,37.70151,39.9549064,23.1845057,23.699722
2016-08-24,7,13.298309,16.0080397,13.77177668,12.3349807
2016-08-24,2,7.9901699,8.54527335,9.6100001,6.64432831
2016-08-24,8,11.9950139,10.94939531,11.40305208,10.5429271
2016-08-24,6,8.8725307,8.3090679,9.3302319,9.65655166
2016-08-24,1,5.04290948,6.4463831,5.26194089,6.8962817
2016-08-24,4,26.926324,29.837482,27.066978,27.115712
2016-08-24,9,14.2588229,14.8697492,70.065997,14.374882
2016-08-24,5,16.52448027,20.492419,23.8412633,9.02961147
2016-08-25,3,31.5389049,28.3447284,23.152866,25.023321
2016-08-25,7,14.5950883,16.252724,9.7350335,17.4583313
2016-08-25,2,9.41204017,5.64332061,10.8392319,8.11707881
2016-08-25,8,10.8454247,13.6738875,10.5327573,8.25997484
2016-08-25,6,10.1123197,10.995281,9.0010717,8.7126726
2016-08-25,1,5.34203197,7.0049048,5.07774543,5.6556484
2016-08-25,4,27.934823,28.13953,27.210457,27.327891
2016-08-25,9,12.86255,13.5158579,39.9950998,12.8081227
2016-08-25,5,14.4828818,13.60732604,64.7122595,9.17307661
2016-08-26,3,30.6148604,35.5053159,33.851118,36.841858
2016-08-26,7,10.83164844,11.9486591,15.610735,17.6733265
2016-08-26,2,6.8430511,9.7191197,8.544609,8.7923361
2016-08-26,8,10.0639334,9.4500665,11.1270978,10.8867956
2016-08-26,6,9.751572,9.0414394,9.513959,8.4747311
2016-08-26,1,5.6266733,6.11286772,4.5767428,5.59227625
2016-08-26,4,27.341296,29.032642,27.580599,28.639401
2016-08-26,9,15.1394119,15.212641,10.3513378,10.269976
2016-08-26,5,14.1980461,28.8510294,9.5722072,8.7247854
2016-08-27,3,30.486654,31.579025,34.0932485,38.487914
2016-08-27,7,13.0548743,14.2663503,11.37559179,15.1555923
2016-08-27,2,10.1140541,8.23450641,11.73370944,9.239234
2016-08-27,8,11.2618226,10.4060603,11.60222627,11.1048937
2016-08-27,6,9.6422227,29.723527,8.8493042,9.53379445
2016-08-27,1,5.4531169,5.2568458,5.4025071,5.844638
2016-08-27,4,30.002754,26.696624,27.142924,26.851254
2016-08-27,9,12.7651732,9.516259,12.3118456,11.0046192
2016-08-27,5,10.0428927,8.20669505,9.794543,10.8794586
2016-08-28,3,31.00407,26.865442,28.672095,31.7826056
2016-08-28,7,16.2176804,12.8784032,19.555952,16.9668259
2016-08-28,2,7.78364968,8.5923166,6.6201937,9.27819297
2016-08-28,8,14.13467695,11.27453748,10.7763836,13.67023945
2016-08-28,6,9.5874211,10.0185008,9.450041,9.26742
2016-08-28,1,6.301322,5.57057506,5.3783219,5.61201989
2016-08-28,4,27.75791,31.78751,27.431951,26.638877
2016-08-28,9,12.3714205,12.3034215,13.9198743,12.290956
2016-08-28,5,9.8716049,9.1998299,10.1009246,10.3036629
2016-08-29,3,35.435136,36.347409,32.9845406,29.885434
2016-08-29,7,15.0180564,14.636176,12.9270464,14.2278581
2016-08-29,2,6.30143764,8.7312986,8.4726016,7.9742134
2016-08-29,8,9.2946323,8.5583555,8.8291489,11.3692973
2016-08-29,6,9.6817348,18.9373846,9.4187567,9.2773031
2016-08-29,1,6.0781397,4.98998886,4.7611656,4.9666702
2016-08-29,4,27.074599,25.452293,27.281753,28.313878
2016-08-29,9,11.9306447,13.2727174,13.1497453,12.56289
2016-08-29,5,11.3265606,9.608717,12.16679177,11.1613049
2016-08-30,3,29.3465397,25.2165693,29.6370249,27.1815294
2016-08-30,7,10.8037969,12.431596,15.86062094,11.0444833
2016-08-30,2,10.6936151,8.1755111,8.23075142,8.50083262
2016-08-30,8,9.4439496,10.4601329,9.36697048,10.44375916
2016-08-30,6,9.256218,7.4840748,10.1181867,8.7675374
2016-08-30,1,5.1873237,5.6283658,5.15067245,4.3193875
2016-08-30,4,27.500669,27.653976,27.396456,29.270269
2016-08-30,9,10.3202832,9.7982127,12.1733475,9.4260973
2016-08-30,5,9.9644352,9.97470657,11.4065951,9.49195061
2016-08-31,3,34.033174,29.3997612,34.692505,32.009378
2016-08-31,7,14.74972575,10.6242173,13.99126523,12.0758938
2016-08-31,2,10.417872,6.9550727,6.6178828,8.7292326
2016-08-31,8,11.7421639,11.2772955,9.83915393,12.06762067
2016-08-31,6,9.1279128,9.542727,9.7265732,11.7680273
2016-08-31,1,5.54950447,5.80814,6.0361759,5.5156785
2016-08-31,4,28.944272,30.114492,29.24598,29.514497
2016-08-31,9,10.45319371,14.1051656,12.82247,9.2243851
2016-08-31,5,11.01851031,12.1194025,9.3668182,11.4382078
2016-12-01,3,26.4365384,39.0099591,36.0696662,23.2219752
2016-12-01,7,16.8533636,17.3911542,19.31347001,15.08087263
2016-12-01,2,10.10031483,6.77074752,8.4083543,9.7051014
2016-12-01,8,11.780802,11.0103055,10.306452,11.3605772
2016-12-01,6,8.6452138,10.8093827,9.29511,9.235377
2016-12-01,1,4.5784669,6.6745779,5.5592499,5.7061062
2016-12-01,4,46.60944,47.93382,54.33991,45.53124
2016-12-01,9,12.3227673,10.80977138,43.9495699,13.4585456
2016-12-01,5,15.303306,13.6274421,14.9167619,17.0761306
2016-12-02,3,26.318163,29.908892,30.182043,22.2845739
2016-12-02,7,11.6720228,16.267075,12.630678,15.1921526
2016-12-02,2,7.4263203,10.0439676,7.2681126,9.16497147
2016-12-02,8,11.7031148,11.9793932,9.5848207,11.3736183
2016-12-02,6,294.611558,8.36173283,43.3903343,9.870164
2016-12-02,1,5.66340687,5.21877693,6.25020391,5.4324281
2016-12-02,4,42.39156,43.92296,43.28199,43.75047
2016-12-02,9,12.283927,10.233814,27.35416944,8.9435076
2016-12-02,5,14.730945,17.87261746,11.2761995,12.2273191
2016-12-03,3,28.162495,30.030564,36.594702,20.9216449
2016-12-03,7,11.8334074,14.1099985,13.3784601,9.97757449
2016-12-03,2,11.7471619,9.1318219,10.51129036,9.8516665
2016-12-03,8,10.8664628,12.2873816,10.2692417,11.8694489
2016-12-03,6,8.5182134,21.4000769,10.166407,9.9620401
2016-12-03,1,5.7477155,5.8488866,5.7997068,6.8585608
2016-12-03,4,46.88872,46.725,44.82985,45.28917
2016-12-03,9,15.2253856,10.95657956,14.408171,13.3452582
2016-12-03,5,12.2342127,14.4467023,16.2839215,15.35140354
2016-12-04,3,35.722123,37.4470876,34.859209,28.3344164
2016-12-04,7,15.2886082,14.37652706,13.904563,12.7885662
2016-12-04,2,11.0319326,8.6685588,9.9950769,6.86086774
2016-12-04,8,8.90387686,11.012464,12.3358272,10.27064037
2016-12-04,6,9.6071066,7.7385173,9.570918,11.64087
2016-12-04,1,5.1146552,6.9433498,5.1951909,6.7964646
2016-12-04,4,43.10471,46.8446,44.9515,46.40145
2016-12-04,9,10.2585725,9.2891676,11.4429238,13.9609134
2016-12-04,5,13.8905484,13.8752479,11.3830386,15.58144002
2016-12-05,3,22.89004496,42.864424,134.6932846,35.200376
2016-12-05,7,84.702087,27.822436,21.21749394,14.06195006
2016-12-05,2,8.0987174,9.97710495,38.380393,8.2006369
2016-12-05,8,13.501984,10.6340197,9.6633682,13.13537599
2016-12-05,6,9.864294,10.6826132,32.6170974,11.12066026
2016-12-05,1,4.4000673,5.7686269,41.64338022,5.1882697
2016-12-05,4,40.98924,60.14853,118.68525,46.20392
2016-12-05,9,11.3959867,14.045447,13.4421804,26.0301016
2016-12-05,5,11.7789235,15.4773749,34.167792,19.2341876
2016-12-06,3,21.776014,22.21043,27.3597225,29.093498
2016-12-06,7,32.09209292,19.40805468,16.7619005,17.1142529
2016-12-06,2,9.7202545,9.21162484,6.7598909,11.5125724
2016-12-06,8,14.2348206,12.6094889,16.7820299,11.0793918
2016-12-06,6,77.182233,23.912178,16.848334,8.0562112
2016-12-06,1,4.47291867,6.6719931,5.69292858,5.5402443
2016-12-06,4,44.59876,44.37999,45.94914,45.34711
2016-12-06,9,14.837231,10.4134403,13.619608,13.3048413
2016-12-06,5,10.4118674,18.5676048,15.4001041,11.9059901
2016-12-07,3,47.166721,25.52665,36.918577,27.883924
2016-12-07,7,10.7461005,13.7921618,13.862501,19.5509518
2016-12-07,2,8.7400966,10.46587028,10.8625185,9.4271657
2016-12-07,8,32.4896491,11.5027888,12.7169943,11.8635818
2016-12-07,6,8.16528362,8.1976214,12.3690049,16.2115751
2016-12-07,1,38.47782565,4.97813524,8.26395013,5.12127788
2016-12-07,4,41.50165,50.35278,49.54035,47.24607
2016-12-07,9,21.2626317,12.9232614,13.0479322,14.3104797
2016-12-07,5,11.9441597,14.3174837,34.670814,15.0682455
2016-12-08,3,26.831343,28.892045,29.884868,32.001881
2016-12-08,7,12.1059687,18.492797,18.7770581,12.5103662
2016-12-08,2,8.654419,6.27721004,8.5659469,9.6999586
2016-12-08,8,12.38294941,13.4726038,14.570516,12.33503
2016-12-08,6,109.3553507,8.6736846,39.3826368,8.599357
2016-12-08,1,5.3511852,4.43242759,5.8120025,6.8672024
2016-12-08,4,47.13918,45.89003,46.55128,46.39262
2016-12-08,9,33.5107912,14.9924838,46.060335,11.14819403
2016-12-08,5,12.7209661,20.01590962,100.43540827,17.284667
2016-12-09,3,35.079006,35.504293,31.815813,42.524834
2016-12-09,7,11.52672501,18.21745439,11.73234537,10.6360721
2016-12-09,2,11.17360423,7.0247858,9.4861696,8.27834707
2016-12-09,8,12.8745056,11.8839063,11.6713617,10.49661907
2016-12-09,6,9.5383894,11.8937794,86.1833555,9.90651664
2016-12-09,1,6.20647597,4.9875985,5.25219107,5.2491003
2016-12-09,4,47.91319,46.94332,46.66208,46.91656
2016-12-09,9,9.1154114,11.0848681,13.6523912,12.6690048
2016-12-09,5,16.3018632,17.6787016,14.7456721,13.7337517
2016-12-10,3,31.384681,28.725099,24.552212,24.1935744
2016-12-10,7,12.6438103,15.3473802,15.288314,16.61996107
2016-12-10,2,11.3078309,8.3242525,8.7270161,9.1232746
2016-12-10,8,10.4563294,10.01334646,8.2376386,9.7537713
2016-12-10,6,8.3900719,19.789279,11.1525144,9.064892
2016-12-10,1,4.57538547,7.0907974,6.0535744,5.8476309
2016-12-10,4,47.38765,46.47124,47.41502,45.60613
2016-12-10,9,16.9790386,11.9731903,11.8956575,12.4886089
2016-12-10,5,16.0456999,14.7354414,12.3842797,16.7503061
2016-12-11,3,22.325245,28.9152492,28.385208,34.612708
2016-12-11,7,17.42383709,13.8157565,12.57805632,15.3609189
2016-12-11,2,9.68531,10.4033427,8.1307776,8.8426377
2016-12-11,8,11.3434145,12.35392448,10.14516161,10.8004905
2016-12-11,6,84.098012,16.3912586,15.39717222,9.61406
2016-12-11,1,4.4067475,5.6799577,4.4932925,5.21516561
2016-12-11,4,62.29156,51.3472,47.4306,47.14508
2016-12-11,9,12.4108269,14.8716511,186.4798607,10.9922943
2016-12-11,5,32.244097,36.3597714,17.5109481,17.97155191
2016-12-12,3,129.2905716,37.308537,82.555436,31.059413
2016-12-12,7,15.7845867,18.8681589,17.2048673,11.4048305
2016-12-12,2,5.83344,9.8955004,6.0619311,9.8738905
2016-12-12,8,10.5828313,12.41799135,8.36078548,12.2429533
2016-12-12,6,9.1163561,8.931506,9.483949,9.3854263
2016-12-12,1,6.6319628,6.0914602,6.3457524,5.50425425
2016-12-12,4,45.32875,48.47664,64.04678,47.36699
2016-12-12,9,11.10287531,13.4341609,15.58877488,10.9445108
2016-12-12,5,17.845355,21.1897498,18.16107117,28.326881
2016-12-13,3,31.1738823,32.44641,34.441717,29.333772
2016-12-13,7,14.1109348,11.05297156,13.5307415,15.5733086
2016-12-13,2,9.6585704,6.9643045,6.9000431,6.6947607
2016-12-13,8,15.2401605,10.54621981,13.1613652,9.9168143
2016-12-13,6,46.8465323,36.43828688,107.4092643,9.4704329
2016-12-13,1,6.09114605,6.7377789,4.2751357,5.28182124
2016-12-13,4,45.55124,47.35273,45.90366,47.91996
2016-12-13,9,11.33013448,14.35739047,10.84614457,13.639949
2016-12-13,5,14.61044,16.5094017,16.56749049,16.881407
2016-12-14,3,28.49672,31.229378,36.178837,38.297455
2016-12-14,7,15.2693122,16.5913832,18.2877937,12.9766801
2016-12-14,2,7.52180477,7.6844374,8.1660764,7.91835598
2016-12-14,8,10.1826324,13.4119276,9.03258532,10.3166953
2016-12-14,6,9.563703,9.929106,120.843556,9.4873271
2016-12-14,1,5.78110201,4.4496357,5.426617,6.5683861
2016-12-14,4,47.93136,46.63636,44.66941,47.57657
2016-12-14,9,24.9329599,15.65261644,14.7658477,10.0388776
2016-12-14,5,12.213252,15.41044091,60.97944883,16.1431767
2016-12-15,3,33.713917,29.403677,33.852853,30.0468906
2016-12-15,7,13.19434794,11.7058628,12.6804762,15.72937647
2016-12-15,2,6.6276762,8.3704985,9.37254112,6.6003045
2016-12-15,8,14.41977748,12.3863432,12.13375963,9.8074515
2016-12-15,6,7.7500174,13.154394,60.7290854,11.7134966
2016-12-15,1,5.09211703,5.30593234,5.21702466,5.2078891
2016-12-15,4,46.20661,45.77948,46.7446,48.64024
2016-12-15,9,10.076888,9.7094522,38.0702835,10.7561118
2016-12-15,5,29.2722251,16.6352661,19.3105316,14.7231166
2016-12-16,3,27.515433,31.48358,27.980498,28.6729593
2016-12-16,7,15.1601231,14.2242295,12.43401529,17.642298
2016-12-16,2,7.1389253,7.36458699,8.5637923,8.7803083
2016-12-16,8,11.8503855,11.3488367,9.6396456,9.9375724
2016-12-16,6,9.4097817,20.3729387,91.6732525,9.7537354
2016-12-16,1,5.66056275,5.59857856,6.28153927,4.16840528
2016-12-16,4,46.6239,47.19227,47.83702,48.95233
2016-12-16,9,19.7816211,14.0351087,14.3469346,16.39948014
2016-12-16,5,13.8124696,14.3984649,9.30670205,15.6235025
2016-12-17,3,27.934781,28.707571,23.174208,28.0058911
2016-12-17,7,12.4905302,18.2021793,21.425624,13.74179462
2016-12-17,2,6.55822531,7.4380965,7.8787759,7.7856321
2016-12-17,8,11.937072,10.78694855,13.69575355,13.5174356
2016-12-17,6,8.108604,10.6939993,8.358095,7.5652427
2016-12-17,1,5.6720847,6.2210116,5.48927238,5.31145206
2016-12-17,4,81.53297,65.3516,122.01936,47.55594
2016-12-17,9,14.1092321,11.8525669,10.5940136,19.92245197
2016-12-17,5,16.108281,14.3602397,47.3486513,14.5885802
2016-12-18,3,27.553124,26.7743422,36.998285,30.5727734
2016-12-18,7,13.9975407,19.142576,17.741674,13.1369506
2016-12-18,2,7.7350256,9.7876056,8.116945,7.98892756
2016-12-18,8,12.17751381,9.8929497,11.0416137,10.4284192
2016-12-18,6,8.4543913,9.3238755,24.539915,9.775766
2016-12-18,1,6.7092662,6.3078544,5.27968885,4.9447241
2016-12-18,4,61.95696,80.55172,229.96504,49.22548
2016-12-18,9,10.9882125,13.5941119,12.69542797,42.818875
2016-12-18,5,15.26561749,14.98599505,15.34502617,16.7591626
2016-12-19,3,34.26999,32.946276,27.530564,26.663724
2016-12-19,7,15.2123258,12.5894328,16.3804319,15.27224143
2016-12-19,2,7.1298022,8.5498433,8.9795362,7.6293814
2016-12-19,8,9.1431233,14.45809461,9.08781137,9.324404
2016-12-19,6,8.18647261,30.977918,40.519932,10.372116
2016-12-19,1,6.23041594,5.73176716,4.60812607,6.8000322
2016-12-19,4,48.23439,47.18753,49.19705,47.75228
2016-12-19,9,29.3874365,15.9220079,14.118901,11.0876387
2016-12-19,5,17.968332,18.2795456,10.4844169,11.7673695
2016-12-20,3,30.25470653,26.768326,24.122451,25.5664502
2016-12-20,7,11.690392,13.3259948,9.4289105,18.872427
2016-12-20,2,8.41945282,8.7308379,7.14471274,6.0110499
2016-12-20,8,10.6347493,9.71375313,12.9063934,11.7723148
2016-12-20,6,9.0344004,10.21249007,9.3065934,10.6644163
2016-12-20,1,4.22351094,4.7724704,6.0236451,4.9439341
2016-12-20,4,49.76493,48.33987,47.78228,48.29867
2016-12-20,9,8.8640051,12.8943766,19.300089,12.1493577
2016-12-20,5,46.3740617,15.6560289,17.3318579,12.8532632
2016-12-21,3,30.577199,40.804578,37.32507,28.368905
2016-12-21,7,16.3245921,10.32268581,13.23810498,12.1902306
2016-12-21,2,10.10840042,8.21229943,9.8028321,8.87949263
2016-12-21,8,10.138784,10.128278,11.504453,11.8106779
2016-12-21,6,8.6002873,9.7976097,10.47897,10.0049407
2016-12-21,1,5.547451,6.50699034,5.5452623,7.3597742
2016-12-21,4,47.81857,47.44029,47.61722,47.05174
2016-12-21,9,10.41697618,10.1753273,26.0101663,14.9250828
2016-12-21,5,25.2576959,34.3059126,35.7022914,15.38787619
2016-12-22,3,30.9269951,35.05738,31.250118,32.332424
2016-12-22,7,18.8365418,14.8996678,12.97024565,13.9669373
2016-12-22,2,9.0820531,8.607219,7.7149285,6.46844249
2016-12-22,8,12.460027,13.3023424,10.0298204,10.19943784
2016-12-22,6,42.4034482,11.752255,13.1438427,9.6093698
2016-12-22,1,6.23835193,6.8376847,4.71988641,5.3280128
2016-12-22,4,47.4266,47.88583,46.68496,47.88861
2016-12-22,9,11.5849308,11.74099923,35.8348528,13.1340924
2016-12-22,5,14.0992329,18.218051,40.19874403,14.9526278
2016-12-23,3,27.91474,27.896002,24.2472206,30.086471
2016-12-23,7,16.9359377,14.3316319,14.2510838,16.4273725
2016-12-23,2,8.8453258,9.8359417,7.8245191,9.3127033
2016-12-23,8,9.28820999,10.6795314,13.09647211,10.0532983
2016-12-23,6,8.818624,53.459344,78.3843227,9.74001844
2016-12-23,1,5.39068609,6.0469909,5.28593523,5.0379826
2016-12-23,4,48.11609,47.96193,50.14918,47.91213
2016-12-23,9,17.260228,16.5811848,10.9425217,11.55079043
2016-12-23,5,18.719609,14.3248803,13.46912658,13.7269369
2016-12-24,3,26.976237,28.735102,41.689149,28.854215
2016-12-24,7,10.56653966,11.48036194,11.2858107,13.6366811
2016-12-24,2,8.272001,8.9096382,9.6482889,7.53718598
2016-12-24,8,8.7508681,12.9174436,14.0265506,9.8783467
2016-12-24,6,62.3237262,9.2674254,14.8091783,9.8255677
2016-12-24,1,4.16190766,5.7593449,5.6040073,6.1712919
2016-12-24,4,44.62125,58.84605,89.53348,48.37661
2016-12-24,9,12.5588095,13.4975437,20.10017531,21.16693771
2016-12-24,5,16.5444698,17.89095112,19.9269286,13.8536177
2016-12-25,3,24.592647,28.58928435,27.9624332,21.513199
2016-12-25,7,17.03376142,11.9939558,13.8629507,16.706434
2016-12-25,2,9.1679048,6.868351,6.5123355,10.2373378
2016-12-25,8,11.00465197,14.0915751,11.8119868,12.6761562
2016-12-25,6,8.81457966,15.0517267,9.1588314,9.3487636
2016-12-25,1,5.3154422,7.1624268,5.8392428,6.61091875
2016-12-25,4,50.50926,48.51755,50.23978,47.20552
2016-12-25,9,12.5264107,11.6846538,12.8727804,14.0165668
2016-12-25,5,13.30072722,13.5136274,15.2058641,13.6349975
2016-12-26,3,30.1557913,35.013492,29.0146823,31.34818
2016-12-26,7,12.8693261,15.7152914,22.014872,12.2953955
2016-12-26,2,8.46327382,11.325467,7.95356227,9.5968118
2016-12-26,8,14.6901231,10.2627352,11.56595807,12.290484
2016-12-26,6,9.6821612,11.446632,10.7755759,12.7972891
2016-12-26,1,5.2996275,6.733077,4.361186,4.7910809
2016-12-26,4,48.2283,51.93215,48.49783,48.96922
2016-12-26,9,14.1338461,15.1760846,11.007297,15.336447
2016-12-26,5,14.81299661,15.3493878,12.7385716,16.9578759
2016-12-27,3,23.4549314,35.7944792,42.6127131,29.631947
2016-12-27,7,10.5075779,15.8073848,11.0625893,16.0735152
2016-12-27,2,6.4554586,9.4032047,9.4123708,8.5720976
2016-12-27,8,11.50574396,11.22904929,11.7635606,13.8361776
2016-12-27,6,8.9566171,10.1831086,8.3829763,9.6679292
2016-12-27,1,5.68009047,5.0153102,6.22457851,5.59745358
2016-12-27,4,49.87178,54.14366,49.05771,49.58633
2016-12-27,9,17.026867,11.51862224,12.12014324,16.3304585
2016-12-27,5,16.5250018,14.4712201,16.1629885,12.2353963
2016-12-28,3,34.9146216,37.433427,23.9005778,35.8290903
2016-12-28,7,9.12481366,11.32294494,17.8955106,12.1733362
2016-12-28,2,7.5677888,6.780018,9.4172157,9.6597869
2016-12-28,8,9.9886745,10.9354485,11.4024177,11.9054506
2016-12-28,6,10.61387159,13.7194522,8.9230701,10.1132033
2016-12-28,1,5.29014095,5.1499912,5.836161,5.98272162
2016-12-28,4,48.88161,51.68572,49.31977,48.11494
2016-12-28,9,11.7330985,12.6891159,10.7117303,12.5019546
2016-12-28,5,19.3670582,12.7704227,10.6901783,15.6604451
2016-12-29,3,25.329192,35.294921,29.840955,34.2874753
2016-12-29,7,12.9710452,15.95602096,12.0471436,14.698073
2016-12-29,2,8.76642733,7.5143067,8.6159436,8.76559044
2016-12-29,8,10.9171747,9.5300533,11.967818,10.8058851
2016-12-29,6,10.172741,13.3169628,9.57281221,10.1582355
2016-12-29,1,5.1350544,4.81873227,4.7154507,5.2327552
2016-12-29,4,48.68812,50.78877,50.17221,48.81585
2016-12-29,9,9.8987413,9.7891889,14.01865253,10.6089975
2016-12-29,5,13.208933,14.5003946,10.7022883,26.088774
2016-12-30,3,32.920528,20.2478139,27.021204,29.6629012
2016-12-30,7,12.28006725,11.7618344,11.4522911,13.2769688
2016-12-30,2,10.8792461,8.87347367,8.5851901,8.2622176
2016-12-30,8,14.0727753,13.13251913,10.30787181,11.0325653
2016-12-30,6,9.7671615,10.8540054,9.2105633,9.7512884
2016-12-30,1,4.9212155,5.7275133,4.55708809,6.89132004
2016-12-30,4,49.99655,49.77464,51.17627,52.47295
2016-12-30,9,12.27912882,11.60433218,12.2266318,10.5176591
2016-12-30,5,14.3234465,13.3204176,13.0987031,15.268213
2016-12-31,3,23.6581854,31.367981,31.576126,32.291667
2016-12-31,7,12.8864201,20.7015409,11.06275409,13.4701598
2016-12-31,2,6.78027409,9.0436107,8.5530541,11.1899885
2016-12-31,8,11.675931,12.9549533,11.7338654,11.0989885
2016-12-31,6,8.9115179,9.3348224,10.2727746,9.9760146
2016-12-31,1,5.4175093,5.78232981,6.6606566,5.11734664
2016-12-31,4,51.97097,51.87217,49.41466,50.5649
2016-12-31,9,12.1962226,8.7995275,11.1664692,14.751369
2016-12-31,5,12.5029378,13.5978422,22.0836149,15.7614519
